Название товара,Цена,Ссылка на товар
Торшер Алней Green,7990,https://www.divan.ru/product/torsher-alnej-green
Торшер Алней Black,7990,https://www.divan.ru/product/torsher-alnej-black
Торшер Алней Orange,7990,https://www.divan.ru/product/torsher-alnej-orange
Торшер Алней Beige,7990,https://www.divan.ru/product/torsher-alnej-beige
Торшер Осло Blue,17 990,https://www.divan.ru/product/torsher-oslo-blue
Торшер Осло Black,16 990,https://www.divan.ru/product/torsher-oslo-black
Торшер Осло White,16 990,https://www.divan.ru/product/torsher-oslo-white
Торшер Энкель Black,5990,https://www.divan.ru/product/torsher-enkel-black
Торшер Флиммер Black,4990,https://www.divan.ru/product/torsher-flimmer-black
Торшер Ливсден Brown,11 990,https://www.divan.ru/product/torsher-livsden-brown
Торшер Сканди White,9990,https://www.divan.ru/product/torsher-skandi-white
Торшер Клауд White,18 290,https://www.divan.ru/product/torsher-klaud-white
Торшер Бабл-1,8690,https://www.divan.ru/product/torsher-babl-1
Торшер Билли White,19 690,https://www.divan.ru/product/torsher-billi-white
Торшер Раффи Round,11 990,https://www.divan.ru/product/torsher-raffi-round
Торшер Варио White,7590,https://www.divan.ru/product/torsher-vario-white
Торшер Мун Black,8990,https://www.divan.ru/product/torsher-mun-black
Торшер Pinocchio,16 090,https://www.divan.ru/product/torsher-pinocchio
Торшер Кей Grey,14 790,https://www.divan.ru/product/torsher-kej-grey
Торшер Moderli Suspent,7590,https://www.divan.ru/product/torsher-moderli-suspent
Торшер Almeida-2,26 390,https://www.divan.ru/product/torsher-almeida-2
Торшер Отто Black,7590,https://www.divan.ru/product/torsher-otto-black
Торшер Омаха White,9790,https://www.divan.ru/product/torsher-omaha-white
Торшер Флинт-1 White,13 890,https://www.divan.ru/product/torsher-flint-1-white
Торшер Нидлс Khaki,14 990,https://www.divan.ru/product/torsher-nidls-khaki
Торшер Вена Beige,11 990,https://www.divan.ru/product/torsher-vena-beige
Торшер Грено Black,11 990,https://www.divan.ru/product/torsher-greno-black
Торшер Рэй Black,5290,https://www.divan.ru/product/torsher-rej-black
Торшер Гросс White,7990,https://www.divan.ru/product/torsher-gross-white
Торшер Moderli Floor White,6990,https://www.divan.ru/product/torsher-moderli-floor-white
Торшер Вена Black,11 990,https://www.divan.ru/product/torsher-vena-black
Торшер Портланд Black,7590,https://www.divan.ru/product/torsher-portland-black
Торшер Флейк White,12 990,https://www.divan.ru/product/torsher-flejk-white
